﻿<DataObject comparison="Ordinal">
  <Section id="">
    <Subsections>
      <Section id="General">
        <Subsections />
        <Entries>
          <Entry key="ElapsedTime">
            <double>300.549</double>
          </Entry>
          <Entry key="StartedAt">
            <dateTime>2021-08-09T16:48:27.9553483-07:00</dateTime>
          </Entry>
          <Entry key="EndedAt">
            <dateTime>2021-08-09T16:53:28.5045816-07:00</dateTime>
          </Entry>
          <Entry key="ReplayStatus">
            <LastReplayRunStatus>Aborted</LastReplayRunStatus>
          </Entry>
          <Entry key="NumberOfReplayErrors">
            <int>0</int>
          </Entry>
          <Entry key="NumberOfReplayCriticalErrors">
            <int>0</int>
          </Entry>
          <Entry key="NumberOfCompilationErrors">
            <int>0</int>
          </Entry>
        </Entries>
      </Section>
    </Subsections>
    <Entries>
      <Entry key="Iterations">
        <int>1000</int>
      </Entry>
    </Entries>
  </Section>
</DataObject>